{"cameraMode":{"drawMode":0,"name":"Shaded","section":"Shading Mode"},"sceneLighting":true,"audioPlay":false,"sceneViewState":{"m_AlwaysRefresh":false,"showFog":true,"showSkybox":true,"showFlares":true,"showImageEffects":true,"showParticleSystems":true,"showVisualEffectGraphs":true,"m_FxEnabled":true},"in2DMode":false,"pivot":{"x":-2.9298813343048097,"y":10.08149528503418,"z":-13.154685974121094},"rotation":{"x":0.3042086362838745,"y":0.006209566257894039,"z":-0.0019763936288654806,"w":0.9526019096374512},"size":0.8660253882408142,"orthographic":false}